Topic,Weight
Topic 5,0.19477025299980275
Topic 2,0.18042631744849225
Topic 6,0.16885390859513558
Topic 4,0.15632307948736207
Topic 1,0.1537655642675234
Topic 3,0.1458608772016839
